{"cameraMode":{"drawMode":0,"name":"Shaded","section":"Shading Mode"},"sceneLighting":false,"audioPlay":false,"sceneViewState":{"showFog":true,"showMaterialUpdate":false,"showSkybox":true,"showFlares":true,"showImageEffects":true,"showParticleSystems":true},"in2DMode":false,"pivot":{"x":0.005385830998420715,"y":7.450580596923828e-9,"z":-2.717055320739746},"rotation":{"x":0.07762410491704941,"y":0.8705372214317322,"z":-0.14577767252922059,"w":0.4635604918003082},"size":5.071780204772949,"orthographic":false}