{"cameraMode":{"drawMode":0,"name":"Shaded","section":"Shading Mode"},"sceneLighting":false,"audioPlay":false,"sceneViewState":{"showFog":true,"showMaterialUpdate":false,"showSkybox":true,"showFlares":true,"showImageEffects":true,"showParticleSystems":true},"in2DMode":false,"pivot":{"x":0.14523935317993165,"y":2.5,"z":0.5523638725280762},"rotation":{"x":0.09699670970439911,"y":0.8017494082450867,"z":-0.13549569249153138,"w":0.5739604234695435},"size":19.063764572143556,"orthographic":false}