{"cameraMode":{"drawMode":0,"name":"Shaded","section":"Shading Mode"},"sceneLighting":false,"audioPlay":false,"sceneViewState":{"showFog":true,"showMaterialUpdate":false,"showSkybox":true,"showFlares":true,"showImageEffects":true,"showParticleSystems":true},"in2DMode":false,"pivot":{"x":-1.2349060773849488,"y":0.6858665943145752,"z":0.00367862731218338},"rotation":{"x":-0.12182414531707764,"y":0.5443087220191956,"z":-0.080267533659935,"w":-0.8261017203330994},"size":4.965941429138184,"orthographic":false}