{"cameraMode":{"drawMode":0,"name":"Shaded","section":"Shading Mode"},"sceneLighting":false,"audioPlay":false,"sceneViewState":{"showFog":true,"showMaterialUpdate":false,"showSkybox":true,"showFlares":true,"showImageEffects":true,"showParticleSystems":true},"in2DMode":false,"pivot":{"x":-0.5898088216781616,"y":4.523261070251465,"z":2.361090898513794},"rotation":{"x":0.06200114265084267,"y":0.8356465101242065,"z":-0.09645577520132065,"w":0.5371658205986023},"size":18.670650482177736,"orthographic":false}