{"cameraMode":{"drawMode":0,"name":"Shaded","section":"Shading Mode"},"sceneLighting":false,"audioPlay":false,"sceneViewState":{"showFog":true,"showMaterialUpdate":false,"showSkybox":true,"showFlares":true,"showImageEffects":true,"showParticleSystems":true},"in2DMode":false,"pivot":{"x":1.1882576942443848,"y":1.4853278398513795,"z":-0.2666603922843933},"rotation":{"x":0.13490797579288484,"y":-0.5972133874893189,"z":0.10276999324560166,"w":0.7839478850364685},"size":9.043381690979004,"orthographic":false}