{"cameraMode":{"drawMode":0,"name":"Shaded","section":"Shading Mode"},"sceneLighting":false,"audioPlay":false,"sceneViewState":{"showFog":true,"showMaterialUpdate":false,"showSkybox":true,"showFlares":true,"showImageEffects":true,"showParticleSystems":true},"in2DMode":false,"pivot":{"x":140.63571166992188,"y":-21.55406951904297,"z":749.6704711914063},"rotation":{"x":-0.190154567360878,"y":0.17333996295928956,"z":-0.034129247069358829,"w":-0.9657275080680847},"size":3.7115252017974855,"orthographic":false}