{"cameraMode":{"drawMode":0,"name":"Shaded","section":"Shading Mode"},"sceneLighting":false,"audioPlay":false,"sceneViewState":{"showFog":true,"showMaterialUpdate":false,"showSkybox":true,"showFlares":true,"showImageEffects":true,"showParticleSystems":true},"in2DMode":false,"pivot":{"x":-0.7558977603912354,"y":1.1512093544006348,"z":-1.108100414276123},"rotation":{"x":-0.23200243711471559,"y":0.6881699562072754,"z":-0.24918663501739503,"w":-0.6407051682472229},"size":22.0,"orthographic":false}