{"cameraMode":{"drawMode":0,"name":"Shaded","section":"Shading Mode"},"sceneLighting":false,"audioPlay":false,"sceneViewState":{"showFog":true,"showMaterialUpdate":false,"showSkybox":true,"showFlares":true,"showImageEffects":true,"showParticleSystems":true},"in2DMode":false,"pivot":{"x":-2.9802322387695315e-8,"y":0.5459479093551636,"z":0.1062350869178772},"rotation":{"x":0.15189172327518464,"y":0.6396962404251099,"z":-0.13095127046108247,"w":0.7420036196708679},"size":3.996936321258545,"orthographic":false}