{"cameraMode":{"drawMode":0,"name":"Shaded","section":"Shading Mode"},"sceneLighting":false,"audioPlay":false,"sceneViewState":{"showFog":true,"showMaterialUpdate":false,"showSkybox":true,"showFlares":true,"showImageEffects":true,"showParticleSystems":true},"in2DMode":false,"pivot":{"x":0.3167991042137146,"y":0.7133790850639343,"z":-0.06461693346500397},"rotation":{"x":0.07455499470233917,"y":0.8883045315742493,"z":-0.15561071038246156,"w":0.4256078004837036},"size":5.376523971557617,"orthographic":false}